{
  "schemaVersion": 1,
  "id": "deathcoords",
  "version": "1.0.0",
  "name": "Death Coords",
  "description": "Shows death coordinates on death screen with a copy button.",
  "authors": [
    "ChatGPT"
  ],
  "contact": {
    "sources": "https://github.com/example/deathcoords"
  },
  "license": "MIT",
  "environment": "*",
  "entrypoints": {
    "main": [
      "com.example.deathcoords.DeathCoordsMod"
    ]
  },
  "depends": {
    "fabricloader": ">=0.14.23",
    "fabric": "*",
    "minecraft": "1.21.5"
  }
}